序号,链接,节点数
0,https://UQSFpv.mcsslk.xyz/9c72ebdf1453b94a325ff89468f2b417,0
1,https://X30o3O.absslk.xyz/d3a9e8fa55df88bc272a3cfb97421faa,0
2,https://gitlab.com/colloq168/nodefiltrate/-/raw/main/filtrate?ref_type=heads,306
3,https://raw.githubusercontent.com/Alvin9999/pac2/master/clash.meta2/1/config.yaml,0
4,https://raw.githubusercontent.com/Alvin9999/pac2/master/clash.meta2/13/config.yaml,0
5,https://raw.githubusercontent.com/Alvin9999/pac2/master/clash.meta2/15/config.yaml,0
6,https://raw.githubusercontent.com/Alvin9999/pac2/master/clash.meta2/2/config.yaml,0
7,https://raw.githubusercontent.com/Alvin9999/pac2/master/clash.meta2/config.yaml,0
8,https://raw.githubusercontent.com/Huibq/TrojanLinks/master/links/vmess,0
9,https://raw.githubusercontent.com/Surfboardv2ray/TGParse/main/python/hy2,0
10,https://raw.githubusercontent.com/Surfboardv2ray/TGParse/main/python/hysteria2,6
11,https://raw.githubusercontent.com/qjlxg/hy2/main/splitted/hy2,0
12,https://raw.githubusercontent.com/ripaojiedian/freenode/main/clash,14
13,https://raw.githubusercontent.com/ripaojiedian/freenode/main/sub,14
14,https://raw.githubusercontent.com/zhangkaiitugithub/passcro/main/speednodes.yaml,67
15,dynamic://peasoft,0

总计,,89
